EMAIL,LAST_NAME,FIRST_NAME
PALDWICH0@EHOW.COM,ALDWICH,PERCIVAL
CKALBERER1@WEBS.COM,KALBERER,COURTNAY
KCHANT2@PHPBB.COM,CHANT,KASPER
RVEARNCOMBE3@CREATIVECOMMONS.ORG,VEARNCOMBE,ROSALINE
HSIVIER4@TED.COM,SIVIER,HELENE
BALENIN5@NEWYORKER.COM,ALENIN,BRUNHILDE
ITRIGGLE6@GLOBO.COM,TRIGGLE,INNESS
WPARONI7@LULU.COM,PARONI,WEIDAR
KHENRYCH8@SCIENCEDAILY.COM,HENRYCH,KALLE
CARPIN9@STORIFY.COM,ARPIN,CANDIDA
LTURBILLA@REVERBNATION.COM,TURBILL,LAURIE
ACAPELOWB@UTEXAS.EDU,CAPELOW,AUSTINE
ASCIACOVELLIC@HUD.GOV,SCIACOVELLI,ASH
TSEARSD@BOOKING.COM,SEARS,TIM
SHITCHENSE@TINYURL.COM,HITCHENS,STACE
DCRAIGMYLEF@SPHINN.COM,CRAIGMYLE,DEBI
CBENCHERG@MSN.COM,BENCHER,CY
KOCARMODYH@GOOGLE.CO.JP,O'CARMODY,KERMY
MHANDOVERI@LAST.FM,HANDOVER,MELISENDA
DQUINJ@PRNEWSWIRE.COM,QUIN,DOLF
MPETTICREWK@XING.COM,PETTICREW,MARIANN
CBOMPASL@COM.COM,BOMPAS,CHE
AMELLERSM@BOSTON.COM,MELLERS,ANGIL
KEDLYNN@BBB.ORG,EDLYN,KATHE
DCHAPIROO@PSU.EDU,CHAPIRO,DERRICK
FMILLHOUSEP@PEN.IO,MILLHOUSE,FREDDY
STURBANQ@CHICAGOTRIBUNE.COM,TURBAN,SULLY
RWOGDENR@COLUMBIA.EDU,WOGDEN,ROSAMUND
HLATTEYS@RAKUTEN.CO.JP,LATTEY,HIRSCH
MCHIECHIOT@GOOGLE.CO.UK,CHIECHIO,MERSEY
GBESNARDU@SPHINN.COM,BESNARD,GAYELORD
JMANGENEYV@BAIDU.COM,MANGENEY,JENIFER
KCLEVELYW@MLB.COM,CLEVELY,KATINE
MBANGIARDX@SBWIRE.COM,BANGIARD,MARESSA
FSCOTCHERY@PEN.IO,SCOTCHER,FRANNIE
WHARPERZ@PCWORLD.COM,HARPER,WILLEY
OCOATHUP10@NING.COM,COATHUP,OBED
CGRUBEY11@DOMAINMARKET.COM,GRUBEY,CINDIE
VROXBURGH12@TMALL.COM,ROXBURGH,VIVIA
LABELES13@ETSY.COM,ABELES,LYNDEL
HBRICKDALE14@HOSTGATOR.COM,BRICKDALE,HOMERUS
GLIPPARD15@CAFEPRESS.COM,LIPPARD,GAEL
FAMORTS16@ACQUIRETHISNAME.COM,AMORTS,FRANKIE
EDURRAN17@IFENG.COM,DURRAN,ENRIQUE
SESP18@DAILYMOTION.COM,ESP,SYD
FBENDELOW19@CNBC.COM,BENDELOW,FEDORA
BDORET1A@PRWEB.COM,DORET,BRIANO
SMULFORD1B@OPENSOURCE.ORG,MULFORD,SYMON
MMILLBANK1C@YELP.COM,MILLBANK,MARTIN
CYEGORSHIN1D@GOOGLE.PL,YEGORSHIN,COBB
GKUHN1E@G.CO,KUHN,GRIZ
BFEALEY1F@NIH.GOV,FEALEY,BYROM
DBARENSEN1G@FREEWEBS.COM,BARENSEN,DELCINA
EREDDY1H@APACHE.ORG,REDDY,ETHELINE
WCAMPS1I@GOOGLE.COM.HK,CAMPS,WESTBROOKE
MHAWSON1J@SEESAA.NET,HAWSON,MARYS
JSILVERS1K@JAPANPOST.JP,SILVERS,JODIE
CMAGAURAN1L@GOOGLE.COM.HK,MAGAURAN,CLYWD
PFORTYE1M@IS.GD,FORTYE,PATTON
DPICKERSGILL1N@DISCOVERY.COM,PICKERSGILL,DELPHINIA
DSENNER1O@WHO.INT,SENNER,DELINDA
AFRANCIS1P@ECONOMIST.COM,FRANCIS,ANNEMARIE
MTAUDEVIN1Q@FDA.GOV,TAUDEVIN,MERLE
CFARNEY1R@BLOG.COM,FARNEY,CASPER
VKINSELLA1S@GOOGLE.FR,KINSELLA,VERLA
JESPINA1T@SCIENTIFICAMERICAN.COM,ESPINA,JEPHTHAH
LSICILY1U@UCOZ.RU,SICILY,LOWELL
LSPARSHUTT1V@BLOGLINES.COM,SPARSHUTT,LAYNEY
EDUNN1W@APPLE.COM,DUNN,EMMET
MMCILMOROW1X@OW.LY,MCILMOROW,MARLIE
KBRUNKE1Y@SINA.COM.CN,BRUNKE,KELLIE
JSAVAGE1Z@FREE.FR,SAVAGE,JANE
LPENBURTON20@TMALL.COM,PENBURTON,LEZLIE
QREIMER21@YOUKU.COM,REIMER,QUILLAN
LBLOWEN22@YOUTU.BE,BLOWEN,LAURENT
GTIDBOLD23@ECONOMIST.COM,TIDBOLD,GARNETTE
LINGE24@SHOP-PRO.JP,INGE,LYNDELL
GJUDD25@SAMSUNG.COM,JUDD,GIANNA
KDOILEY26@SOHU.COM,DOILEY,KINGSTON
GHAYDOCK27@TUTTOCITTA.IT,HAYDOCK,GAELAN
PKLOSGES28@ETSY.COM,KLOSGES,PHAEDRA
GASSEL29@GO.COM,ASSEL,GRAN
BATTENBORROW2A@IHG.COM,ATTENBORROW,BEA
SWHORALL2B@OAIC.GOV.AU,WHORALL,SABINA
IDONOVIN2C@HOMESTEAD.COM,DONOVIN,IMMANUEL
PMCCORMICK2D@PEN.IO,MCCORMICK,PEDRO
SDREWCLIFTON2E@SALON.COM,DREW-CLIFTON,SIBEL
BFLOWERDEN2F@YAHOO.CO.JP,FLOWERDEN,BRONNIE
GENBURY2G@TINYURL.COM,ENBURY,GILDA
CFARMILOE2H@EEPURL.COM,FARMILOE,CAMILE
PGRASON2I@JIATHIS.COM,GRASON,PEN
BTIMMS2J@LOC.GOV,TIMMS,BESS
RLACKINTON2K@GITHUB.IO,LACKINTON,RUBEN
LMCCOID2L@DROPBOX.COM,MCCOID,LILITH
APAWELCZYK2M@ZDNET.COM,PAWELCZYK,ALLISTER
BWAKENSHAW2N@SITEMETER.COM,WAKENSHAW,BARBABRA
CSANDERCOCK2O@STORIFY.COM,SANDERCOCK,CHARLEAN
JWEITZEL2P@NETWORKSOLUTIONS.COM,WEITZEL,JACENTA
IANDRUS2Q@THETIMES.CO.UK,ANDRUS,IRENE
ABOULLIN2R@NIH.GOV,BOULLIN,ALLX
LBAMPFORD2S@UTEXAS.EDU,BAMPFORD,LEAH
GKLAMMT2T@ALEXA.COM,KLAMMT,GUSTAF
KCORLETT2U@NEWYORKER.COM,CORLETT,KARLYN
TFULLYLOVE2V@NETWORKSOLUTIONS.COM,FULLYLOVE,TRACI
AKITCHINGHAM2W@CPANEL.NET,KITCHINGHAM,AMI
CSHEVLANE2X@PINTEREST.COM,SHEVLANE,CATHARINE
LSKITCH2Y@CORNELL.EDU,SKITCH,LEONANIE
CGEERITS2Z@WEATHER.COM,GEERITS,CONSOLATA
LPULSFORD30@MEDIAFIRE.COM,PULSFORD,LOU
KDAVISON31@SOUP.IO,DAVISON,KATLIN
DWHITEAR32@CHICAGOTRIBUNE.COM,WHITEAR,DULSEA
SFALCO33@SFGATE.COM,FALCO,SUZIE
NERSKINE34@TECHNORATI.COM,ERSKINE,NEILE
MBRUNTJE35@WEATHER.COM,BRUNTJE,MALACHI
COKENNAVAIN36@NAROD.RU,O'KENNAVAIN,CALV
MROUSSELL37@SMH.COM.AU,ROUSSELL,MARRISSA
CPOPPY38@YELLOWPAGES.COM,POPPY,CODIE
BSCHWANDEN39@IRS.GOV,SCHWANDEN,BRITTANY
ALIVERMORE3A@MASHABLE.COM,LIVERMORE,ABBE
MVENMORE3B@CNET.COM,VENMORE,MARTYN
TPRESSEY3C@GOOGLE.FR,PRESSEY,TRIXY
WCRUST3D@HUBPAGES.COM,CRUST,WYATAN
PRIME3E@IMAGESHACK.US,RIME,PHILBERT
JJEWAR3F@DELL.COM,JEWAR,JENO
CDRINKALE3G@T.CO,DRINKALE,CANDIDE
GCASTILLON3H@EXAMINER.COM,CASTILLON,GAYNOR
EREA3I@EBAY.CO.UK,REA,ERAN
JVAUTIER3J@EVENTBRITE.COM,VAUTIER,JUSTINIAN
MWHYLER3K@MSN.COM,WHYLER,MARGA
MUPHILL3L@CMU.EDU,UPHILL,MARITA
BBOOTES3M@VIMEO.COM,BOOTES,BRAND
MLEDNOR3N@CMU.EDU,LEDNOR,MATTHIEU
HGREENWELL3O@NETWORKSOLUTIONS.COM,GREENWELL,HAMMAD
PMACKOWLE3P@ABOUT.COM,MACKOWLE,POLLYANNA
FTURES3Q@AMAZON.CO.UK,TURES,FORD
ICAHILLANE3R@TRELLIAN.COM,CAHILLANE,INGLIS
FMANLEY3S@TRIPADVISOR.COM,MANLEY,FEDERICA
SESCHE3T@TED.COM,ESCHE,STEARNE
ABECOM3U@E-RECHT24.DE,BECOM,ANABELLE
CSKYRME3V@GRAVATAR.COM,SKYRME,CARMELINA
CTANGUY3W@WIKIA.COM,TANGUY,CAROLINE
MEUPLATE3X@GRAVATAR.COM,EUPLATE,MERRILY
FHARDINGHAM3Y@OX.AC.UK,HARDINGHAM,FERDIE
FDUDDLE3Z@PHOTOBUCKET.COM,DUDDLE,FERDINANDE
TSWAYNE40@BIGLOBE.NE.JP,SWAYNE,TRESSA
TDELAVALETTEPARISOT41@WP.COM,DE LA VALETTE PARISOT,TRUDA
VCRISTOFVAO42@HAO123.COM,CRISTOFVAO,VIVIANNE
HFERNEYHOUGH43@GIZMODO.COM,FERNEYHOUGH,HERVEY
MPOTHECARY44@1688.COM,POTHECARY,MASON
JFEEHAM45@DEDECMS.COM,FEEHAM,JANAYE
DTORTICE46@UNC.EDU,TORTICE,DARIUS
RSWETLAND47@JIATHIS.COM,SWETLAND,ROMA
MPAYNE48@CORNELL.EDU,PAYNE,MARYJANE
EWISHER49@CDC.GOV,WISHER,ELIHU
ABOULTWOOD4A@USTREAM.TV,BOULTWOOD,ANNABELLE
CVAADELAND4B@PEOPLE.COM.CN,VAADELAND,CAESAR
JBRIDDOCK4C@MYSPACE.COM,BRIDDOCK,JEFFY
VMOSCROP4D@ICIO.US,MOSCROP,VI
CHIRCHE4E@UPENN.EDU,HIRCHE,CARIL
GBLUNSEN4F@SPRINGER.COM,BLUNSEN,GILBERTA
MBEECROFT4G@HARVARD.EDU,BEECROFT,MATILDA
DLUMOX4H@TECHNORATI.COM,LUMOX,DUSTY
BMCENENY4I@TELEGRAPH.CO.UK,MCENENY,BABBETTE
BGEERITS4J@DEVHUB.COM,GEERITS,BAXIE
GFLECKNELL4K@BLUEHOST.COM,FLECKNELL,GAROLD
KPESTERFIELD4L@PHP.NET,PESTERFIELD,KYM
TKIDSON4M@POSTEROUS.COM,KIDSON,THEO
MBOLIVER4N@PRINCETON.EDU,BOLIVER,MINNI
DERSKIN4O@WIKIPEDIA.ORG,ERSKIN,DAVINA
SWOOLLONS4P@OCN.NE.JP,WOOLLONS,STAFANI
MBELLENGER4Q@REVERBNATION.COM,BELLENGER,MAJOR
CALPHEGE4R@EXAMINER.COM,ALPHEGE,CORBIE
BBOTLER4S@IMAGESHACK.US,BOTLER,BEVAN
GHENNIGER4T@UTEXAS.EDU,HENNIGER,GILEMETTE
EREDFORD4U@PRWEB.COM,REDFORD,ELIA
KMISHOW4V@REDIFF.COM,MISHOW,KIENAN
LCULP4W@MULTIPLY.COM,CULP,LEAH
MKLEINZWEIG4X@YCOMBINATOR.COM,KLEINZWEIG,MORENA
NFITZROY4Y@BUSINESSWIRE.COM,FITZROY,NICCOLO
RMOLLENE4Z@BLOOMBERG.COM,MOLLENE,REESE
MEASTERBROOK50@IMGUR.COM,EASTERBROOK,MORTON
JWESTLAKE51@CLICKBANK.NET,WESTLAKE,JOHNATHAN
NKEMWAL52@CNBC.COM,KEMWAL,NEEL
MBARTOSZEWICZ53@BLOGS.COM,BARTOSZEWICZ,MATHEW
RFORT54@MTV.COM,FORT,RAPHAELA
HDORRIAN55@SCIENCEDIRECT.COM,DORRIAN,HARLI
ABARTI56@XING.COM,BARTI,AMERY
DATTENBARROW57@UCSD.EDU,ATTENBARROW,DOROLICE
MTITTERRELL58@HATENA.NE.JP,TITTERRELL,MARLANE
AMACALLESTER59@BANDCAMP.COM,MACALLESTER,ALVERA
DLARCHIERE5A@I2I.JP,LARCHIERE,DOTTY
JWAYVILL5B@ISTOCKPHOTO.COM,WAYVILL,JO-ANN
CCLUBLEY5C@SIMPLEMACHINES.ORG,CLUBLEY,CIRILLO
CVIDGEON5D@NIFTY.COM,VIDGEON,CORBETT
PJOSSUM5E@WORDPRESS.COM,JOSSUM,PEGGY
DFLEA5F@GIZMODO.COM,FLEA,DIETER
VADDLESTONE5G@DIGG.COM,ADDLESTONE,VIRGE
WDOWGILL5H@GOOGLE.COM.AU,DOWGILL,WHITNEY
SAXTELL5I@STANFORD.EDU,AXTELL,SUSI
VARMALL5J@MULTIPLY.COM,ARMALL,VENUS
MBATTLESON5K@DEDECMS.COM,BATTLESON,MARSHAL
BCHRESTIEN5L@GOOGLE.CN,CHRESTIEN,BART
ABOTHEN5M@MEDIAFIRE.COM,BOTHEN,ALLEYN
HBARRY5N@INDIEGOGO.COM,BARRY,HYACINTHIE
CLIE5O@CBSNEWS.COM,LIE,CHICKY
BHIRTZ5P@JUGEM.JP,HIRTZ,BECKI
UBURMINGHAM5Q@LIVEJOURNAL.COM,BURMINGHAM,ULRICA
RBOOTY5R@AMAZON.DE,BOOTY,ROY
ZMACGORMAN5S@WEIBO.COM,MACGORMAN,ZACHARIAS
BJURCZAK5T@GOOGLE.RU,JURCZAK,BURLIE
DSWINDLES5U@FTC.GOV,SWINDLES,DARCEE
ATERTRE5V@BUSINESSINSIDER.COM,TERTRE,ASHLI
JARCHBALD5W@GEOCITIES.JP,ARCHBALD,JENIFER
JCRIBBIN5X@ZDNET.COM,CRIBBIN,JEFFEREY
GNEWBY5Y@XREA.COM,NEWBY,GENE
DMCCLOY5Z@GIZMODO.COM,MCCLOY,DEBRA
BKOSEL60@NAVER.COM,KOSEL,BOOTH
MROLLING61@ISTOCKPHOTO.COM,ROLLING,MARIE-ANN
CPIAGGIA62@SUN.COM,PIAGGIA,CLAIBORNE
NCLEMENZA63@HUD.GOV,CLEMENZA,NERISSA
TSTOWTE64@TOPLIST.CZ,STOWTE,TEDDY
HSPITTALL65@VA.GOV,SPITTALL,HERTA
RFIRMAGE66@YELLOWPAGES.COM,FIRMAGE,ROSALINE
GCASTLETON67@INFOSEEK.CO.JP,CASTLETON,GARIK
MJACKES68@RAMBLER.RU,JACKES,MALINDA
CARNULL69@SUN.COM,ARNULL,CORNELIUS
NKOENE6A@YELP.COM,KOENE,NINETTE
NFRANZETTOINI6B@OPENSOURCE.ORG,FRANZETTOINI,NERTY
PVANDERVELDE6C@UN.ORG,VAN DER VELDE,PINCHAS
CQUEYOS6D@WALMART.COM,QUEYOS,CLY
KWOOLLACOTT6E@COLUMBIA.EDU,WOOLLACOTT,KERMIT
CDOILEY6F@REDCROSS.ORG,DOILEY,CHERLYN
EBARDSLEY6G@BUSINESSINSIDER.COM,BARDSLEY,ELLI
JPILE6H@WALMART.COM,PILE,JENNIFER
LBOUCH6I@NOAA.GOV,BOUCH,LINDY
ARAMBERG6J@UMICH.EDU,RAMBERG,ALAINE
VLESTER6K@REDIFF.COM,LESTER,VALEDA
DIVANICHEV6L@OVH.NET,IVANICHEV,DOTTIE
KMAIDSTONE6M@NETSCAPE.COM,MAIDSTONE,KRISTA
ATREMONTANA6N@OCN.NE.JP,TREMONTANA,AUBREE
WLAMBURN6O@GOOGLE.CA,LAMBURN,WILONE
CGRIMBALDESTON6P@DION.NE.JP,GRIMBALDESTON,CASI
PJARLEY6Q@MAYOCLINIC.COM,JARLEY,PENNY
BMACANESPIE6R@IBM.COM,MACANESPIE,BARTLET
BTOMASZ6S@NIH.GOV,TOMASZ,BARY
HTONDEUR6T@USGS.GOV,TONDEUR,HANSIAIN
CSAWNWY6U@CNBC.COM,SAWNWY,CORRIE
MROSKAMS6V@SI.EDU,ROSKAMS,MARTHA
DWOOLFORD6W@UN.ORG,WOOLFORD,DIANA
TWHITTET6X@NOAA.GOV,WHITTET,TRACIE
SWOOLIS6Y@FT.COM,WOOLIS,SIGFRIED
BSCROGGES6Z@FOXNEWS.COM,SCROGGES,BRITTAN
DERRICKER70@POSTEROUS.COM,ERRICKER,DARRELL
TKUNKLER71@CSMONITOR.COM,KUNKLER,TRACIE
MSHRUBB72@ISTOCKPHOTO.COM,SHRUBB,MADDALENA
LMORE73@NIFTY.COM,MORE,LENNARD
GGRIBBLE74@THEMEFOREST.NET,GRIBBLE,GEORGIANA
FJUETT75@IMGUR.COM,JUETT,FRANCINE
SDUNDENDALE76@DISQUS.COM,DUNDENDALE,STAVROS
SDAVIDDE77@GOOGLE.ES,DAVIDDE,SHALOM
WBERKELEY78@CPANEL.NET,BERKELEY,WANDA
THANDASIDE79@WEBEDEN.CO.UK,HANDASIDE,TY
BHALTON7A@ZIMBIO.COM,HALTON,BARBEE
MPIZZIE7B@EXBLOG.JP,PIZZIE,MOINA
BZAMORA7C@AMAZONAWS.COM,ZAMORA,BAILIE
HBAULCOMBE7D@SCIENCEDIRECT.COM,BAULCOMBE,HOMERUS
DBALINE7E@TRIPOD.COM,BALINE,DAISIE
EROBROE7F@GMPG.ORG,ROBROE,EDWARD
BSKARR7G@FDA.GOV,SKARR,BOOTH
MLUKINS7H@ADOBE.COM,LUKINS,MARGARETHA
GNIBLOCK7I@BOSTON.COM,NIBLOCK,GHERARDO
CATKINSON7J@ALIBABA.COM,ATKINSON,CELESTYN
MCORNWALL7K@EDUBLOGS.ORG,CORNWALL,MUFFIN
PESPINOS7L@CRAIGSLIST.ORG,ESPINOS,PIERETTE
ACLAPP7M@GLOBO.COM,CLAPP,ALISANDER
DHIRTH7N@PHP.NET,HIRTH,DALTON
MFERRARETTO7O@ILLINOIS.EDU,FERRARETTO,MARGOT
RJEKEL7P@BUSINESSWIRE.COM,JEKEL,RICARDO
LGASKIN7Q@FURL.NET,GASKIN,LARINA
GAIZKOVITCH7R@TOPSY.COM,AIZKOVITCH,GARRET
VEVETTS7S@APACHE.ORG,EVETTS,VASILI
NDUMPLETON7T@TOPSY.COM,DUMPLETON,NIKKI
RCUSSINS7U@XREA.COM,CUSSINS,REINALD
LWELDRICK7V@DISQUS.COM,WELDRICK,LEANNA
OFAIRHOLME7W@GOOGLE.CO.JP,FAIRHOLME,OLAV
DMYLES7X@COCOLOG-NIFTY.COM,MYLES,DUFFIE
GKEMBRY7Y@CBSNEWS.COM,KEMBRY,GILES
KMORTEL7Z@EPA.GOV,MORTEL,KELLEN
CEMSON80@BIGLOBE.NE.JP,EMSON,COOP
AVANDERVELDE81@BLOGGER.COM,VAN DER VELDE,ANDROS
TBOICE82@CHRON.COM,BOICE,TRISHA
ACURPHEY83@USATODAY.COM,CURPHEY,ARDELLA
JKILGALLON84@BIGLOBE.NE.JP,KILGALLON,JILLANE
DNUTTON85@TRIPOD.COM,NUTTON,DEONNE
BJERZYK86@SOHU.COM,JERZYK,BARBARA-ANNE
DGARSTANG87@TINY.CC,GARSTANG,DRUSILLA
CPOTKINS88@JIMDO.COM,POTKINS,COLET
DHARTZOGS89@ARTISTEER.COM,HARTZOGS,DAMARA
PEILERT8A@PCWORLD.COM,EILERT,PHILLIS
TMACCALLION8B@GOODREADS.COM,MACCALLION,TRUMAINE
AALYONOV8C@DOMAINMARKET.COM,ALYONOV,ANTHEA
SHOLMYARD8D@BUSINESSINSIDER.COM,HOLMYARD,STEVANA
JLARMOUR8E@NETSCAPE.COM,LARMOUR,JO
LKENNELLY8F@WOOTHEMES.COM,KENNELLY,LELAND
KMARCOS8G@PAYPAL.COM,MARCOS,KINCAID
MCROSON8H@GOOGLE.NL,CROSON,MISHA
EMORALAS8I@VA.GOV,MORALAS,EVAN
QMCNICKLE8J@TUMBLR.COM,MCNICKLE,QUINT
MVANCASSEL8K@MAPQUEST.COM,VAN CASSEL,MARIE
ESABAN8L@GODADDY.COM,SABAN,ENRIQUE
NFREDA8M@DAILYMOTION.COM,FREDA,NINNETTE
CPEAK8N@TINYPIC.COM,PEAK,CHARMION
MADRAIN8O@DISCUZ.NET,ADRAIN,MICHEIL
CMACKETTRICK8P@TUMBLR.COM,MACKETTRICK,CED
CDUNNE8Q@TINYURL.COM,DUNNE,CARY
PORUDDEN8R@BLOGS.COM,O'RUDDEN,PAPAGENO
PPLUNKET8S@EHOW.COM,PLUNKET,PADGET
EWICKES8T@BARNESANDNOBLE.COM,WICKES,EMYLEE
CBONIN8U@SEATTLETIMES.COM,BONIN,CORNIE
BPEART8V@SLIDESHARE.NET,PEART,BERET
JFENDLEN8W@CREATIVECOMMONS.ORG,FENDLEN,JAYSON
ISHEARSBY8X@INDIATIMES.COM,SHEARSBY,IRMA
TTOOMBES8Y@UMN.EDU,TOOMBES,THEODORIC
CSCAFE8Z@ISTOCKPHOTO.COM,SCAFE,CATHRIN
MDONNERSBERG90@CDC.GOV,DONNERSBERG,MAURITA
IBIRDSEYE91@SOURCEFORGE.NET,BIRDSEYE,ISIDORE
DBYNE92@ARTISTEER.COM,BYNE,DOTTIE
ECOKAYNE93@ABOUTADS.INFO,COKAYNE,EMELITA
GPELLETT94@GOOGLE.FR,PELLETT,GARV
KLINZEY95@BLOGTALKRADIO.COM,LINZEY,KRISTI
HFRANZINI96@MOZILLA.ORG,FRANZINI,HAILY
LDRISSELL97@ADDTOANY.COM,DRISSELL,LILYAN
SMQUHAN98@HHS.GOV,M'QUHAN,SHANIE
COFEN99@DESDEV.CN,OFEN,CATLAINA
ESTEEL9A@163.COM,STEEL,ENRIQUE
LSTALLEN9B@IMGUR.COM,STALLEN,LIANNE
EPITTOCK9C@NBA.COM,PITTOCK,ERV
OKEIR9D@GOOGLE.FR,KEIR,OBY
LDOZDILL9E@ALTERVISTA.ORG,DOZDILL,LILITH
LMEYNELL9F@FOTKI.COM,MEYNELL,LAYNEY
DWALLBANKS9G@JIMDO.COM,WALLBANKS,DEMETRIS
STRIGG9H@GOOGLE.COM.BR,TRIGG,STAFORD
AMECCO9I@COCOLOG-NIFTY.COM,MECCO,ARLETA
GALLOTT9J@SQUIDOO.COM,ALLOTT,GUILLAUME
HGORGLER9K@NSW.GOV.AU,GORGLER,HALETTE
EOPDENORTH9L@MAIL.RU,OPDENORTH,ERSKINE
SSHAW9M@NASA.GOV,SHAW,SUSAN
KWICKS9N@UNC.EDU,WICKS,KRISTY
EBENMORE9O@NYDAILYNEWS.COM,BENMORE,EMMIE
MRUDDOCK9P@TOPSY.COM,RUDDOCK,MILLER
RTEARNEY9Q@PHP.NET,TEARNEY,RAF
FRIGARD9R@CONSTANTCONTACT.COM,RIGARD,FAUN
MFERRONEL9S@ADDTOANY.COM,FERRONEL,MELODY
KKERSS9T@XREA.COM,KERSS,KAREN
TSLACK9U@FC2.COM,SLACK,TONIA
GBENNOE9V@ISTOCKPHOTO.COM,BENNOE,GRIFFIE
DZANIOLO9W@WEBMD.COM,ZANIOLO,DEEANN
WSCOTTER9X@TAOBAO.COM,SCOTTER,WALDEN
CJOVICEVIC9Y@TECHCRUNCH.COM,JOVICEVIC,COREY
MMCIMMIE9Z@BLINKLIST.COM,MCIMMIE,MARINNA
PTOMASKOVA0@SYMANTEC.COM,TOMASKOV,PALL
ABLENKIRONA1@360.CN,BLENKIRON,ALDUS
SOLDHAMA2@OAIC.GOV.AU,OLDHAM,SHAYNA
SDILGERA3@CDBABY.COM,DILGER,SABRINA
RHAGSTONA4@EUROPA.EU,HAGSTON,ROSIE
AOLIPHANDA5@TYPEPAD.COM,OLIPHAND,ARMAND
LPERIGOA6@LAST.FM,PERIGO,LUKE
KBRUNESCOA7@TINYPIC.COM,BRUNESCO,KIMMY
HAWINA8@SLATE.COM,AWIN,HETTI
HDANNELA9@YOLASITE.COM,DANNEL,HELGE
DRODDELLAA@UMICH.EDU,RODDELL,DUKEY
DRUBINSAFTAB@PBS.ORG,RUBINSAFT,DUN
MBERZENAC@HOSTGATOR.COM,BERZEN,MICHAL
BLUDYAD@NETLOG.COM,LUDY,BELLA
DGHIDOTTIAE@VK.COM,GHIDOTTI,DAYLE
DBIESTYAF@NBCNEWS.COM,BIESTY,DORRIS
PTROMANSAG@GOOGLE.RU,TROMANS,PAULE
VBONNESENAH@DOT.GOV,BONNESEN,VALEDA
PHEBBLEWAITEAI@AMAZON.DE,HEBBLEWAITE,PARRY
KBORMANAJ@TRIPOD.COM,BORMAN,KAROLE
GWHEELHOUSEAK@CMU.EDU,WHEELHOUSE,GEORGETTE
LDEZAMORAAL@GITHUB.COM,DE ZAMORA,LEXIE
MWRETHAMAM@NSW.GOV.AU,WRETHAM,MATELDA
LDUFTONAN@51.LA,DUFTON,LANNY
RSCHAFERAO@QUANTCAST.COM,SCHAFER,ROSALIND
EMAXWELLAP@YAHOO.COM,MAXWELL,ERNIE
AFIBBENAQ@SFGATE.COM,FIBBEN,ANABELLA
SLYSTEAR@SI.EDU,LYSTE,SHELL
NHAISTWELLAS@CDBABY.COM,HAISTWELL,NICOLEA
EBAYFORDAT@HEXUN.COM,BAYFORD,ELISABET
SCUMBERSAU@NASA.GOV,CUMBERS,SHARL
MFIDOEAV@NAVER.COM,FIDOE,MARITA
KDILONAW@NPS.GOV,DILON,KINSLEY
AMUMFORDAX@INSTAGRAM.COM,MUMFORD,AMORY
KDICKINAY@DEDECMS.COM,DICKIN,KELE
ENANGLEAZ@STATCOUNTER.COM,NANGLE,ELONORE
RLIPPIB0@MYSQL.COM,LIPPI,ROSCO
ERATNAGEB1@360.CN,RATNAGE,EUGENIO
BDELLESCHIB2@1UND1.DE,DELLESCHI,BRIDE
JCOLTARTB3@COM.COM,COLTART,JOHANN
DNUTONB4@EXAMPLE.COM,NUTON,DELMER
CGLAVISB5@UOL.COM.BR,GLAVIS,CARINE
GLAUXMANNB6@GOOGLE.PL,LAUXMANN,GRANTHAM
KRAOB7@GOOGLE.CO.UK,RAO,KEARY
GTATHACOTTB8@XING.COM,TATHACOTT,GISELLA
HCARRATTB9@SOUP.IO,CARRATT,HAROUN
BMATTHEUSBA@THETIMES.CO.UK,MATTHEUS,BEULAH
NCORTHESBB@TINYPIC.COM,CORTHES,NOEMI
ARUFFBC@SITEMETER.COM,RUFF,ANGELICA
JCALDERBANKBD@THEGLOBEANDMAIL.COM,CALDERBANK,JUANITA
SPALLATINABE@UOL.COM.BR,PALLATINA,SENA
NPIMMEBF@WHO.INT,PIMME,NICOLI
KFOYSTONBG@TIME.COM,FOYSTON,KAROLY
MQUIXLEYBH@REFERENCE.COM,QUIXLEY,MICAELA
THEPPENSPALLBI@ASK.COM,HEPPENSPALL,TRENNA
MOAKSBJ@GEOCITIES.COM,OAKS,MELVIN
GFARRANSBK@CA.GOV,FARRANS,GEARALT
FONTHANKBL@BLOGTALKRADIO.COM,ONTHANK,FELIZA
LMACGEBENAYBM@PHP.NET,MACGEBENAY,LISABETH
GPERRIEBN@REDIFF.COM,PERRIE,GERI
BTREMBLETBO@SEATTLETIMES.COM,TREMBLET,BARRETT
IBONSALEBP@DAILYMOTION.COM,BONSALE,INGAMAR
BGOODSWENBQ@FURL.NET,GOODSWEN,BRYNNE
HBUSSENBR@SITEMETER.COM,BUSSEN,HEDDA
BCURNOKBS@NATURE.COM,CURNOK,BRIGID
CHELSBYBT@BLOGS.COM,HELSBY,CRISTINE
NROBISONBU@UOL.COM.BR,ROBISON,NEWTON
EOBROLLACHAINBV@LIVEINTERNET.RU,O'BROLLACHAIN,ELEONORE
KWALBRUNBW@DIGG.COM,WALBRUN,KAYNE
ADIANGELOBX@CISCO.COM,DI ANGELO,ANITRA
FSCHUKRAFTBY@NASA.GOV,SCHUKRAFT,FINN
JSAINZBZ@SKYROCK.COM,SAINZ,JEANETTE
BCARBINC0@FDA.GOV,CARBIN,BERTRANDO
NGIANNONIC1@PHOCA.CZ,GIANNONI,NATTY
SGREALISHC2@VK.COM,GREALISH,SALVADOR
CCHOLMONDELEYC3@EARTHLINK.NET,CHOLMONDELEY,CASSANDRY
NDORKENC4@THETIMES.CO.UK,DORKEN,NARA
IERDESC5@PHOCA.CZ,ERDES,ITCH
EFOADC6@COMSENZ.COM,FOAD,ESTEVAN
PWHISKERC7@INDIATIMES.COM,WHISKER,PORT
CECHC8@E-RECHT24.DE,ECH,CARMELIA
LMCKEAVENEYC9@SKYPE.COM,MCKEAVENEY,LOELLA
DLOSSELYONGCA@SIMPLEMACHINES.ORG,LOSSELYONG,DELLA
VPATRONICB@DISCOVERY.COM,PATRONI,VEVAY
TVONDRUSKACC@NASA.GOV,VONDRUSKA,TRENTON
OCASTIELLOCD@CHRONOENGINE.COM,CASTIELLO,OLIVIE
MBROLLYCE@E-RECHT24.DE,BROLLY,MYRNA
INORLEDGECF@NIFTY.COM,NORLEDGE,IMOJEAN
ANEGRICG@WOOTHEMES.COM,NEGRI,ALEXEI
MBECKHURSTCH@STUDIOPRESS.COM,BECKHURST,MILZIE
FCOMBERBACHCI@TRIPADVISOR.COM,COMBERBACH,FILBERT
CJAHNELCJ@BANDCAMP.COM,JAHNEL,CLARY
RABENDROTHCK@GOOGLE.ES,ABENDROTH,RODERIGO
OBLEIERCL@REUTERS.COM,BLEIER,OLA
NGOODHEWCM@A8.NET,GOODHEW,NADEEN
SKAROLOVSKYCN@MASHABLE.COM,KAROLOVSKY,SHERYE
JDANIHELKACO@FLICKR.COM,DANIHELKA,JAQUELIN
PBURCHNALLCP@GOV.UK,BURCHNALL,PASQUALE
WBLETHYNCQ@ABOUT.ME,BLETHYN,WANETA
JSHORTLANDCR@HIBU.COM,SHORTLAND,JILLI
VPHILLOTCS@ED.GOV,PHILLOT,VINNY
GRUGGENCT@BLOGGER.COM,RUGGEN,GRADEIGH
JROLLASONCU@CONSTANTCONTACT.COM,ROLLASON,JAMEY
ADREWETCV@SMUGMUG.COM,DREWET,ARLY
FORMECW@STATE.GOV,ORME,FINDLAY
AKITTREDGECX@VIRGINIA.EDU,KITTREDGE,ANJANETTE
VSHEARMECY@WORDPRESS.ORG,SHEARME,VIRGINIA
GHUNNCZ@SAKURA.NE.JP,HUNN,GREER
AGAIRD0@NBA.COM,GAIR,ARLEY
PWILLISCHD1@FORBES.COM,WILLISCH,PEN
DOHLSEND2@GOOGLE.COM.BR,OHLSEN,DONNAMARIE
TGALIFORDD3@STANFORD.EDU,GALIFORD,TIMMI
KKENND4@ARMY.MIL,KENN,KIMBERLI
BEGGINTOND5@YAHOO.COM,EGGINTON,BERENICE
APREWERD6@POSTEROUS.COM,PREWER,ABBIE
SHONNAND7@E-RECHT24.DE,HONNAN,SHELLEY
ASAYNORD8@OW.LY,SAYNOR,ADDIE
DGATELEYD9@51.LA,GATELEY,DAREEN
ABOCKMANDA@CYBERCHIMPS.COM,BOCKMAN,ANSLEY
MLOCKSLEYDB@WASHINGTONPOST.COM,LOCKSLEY,MIQUELA
AREDDYDC@MAYOCLINIC.COM,REDDY,ARABEL
LSCRYMGEOURDD@1688.COM,SCRYMGEOUR,LORRI
TTULKDE@ALEXA.COM,TULK,TILLIE
RFITCHETTDF@MSN.COM,FITCHETT,RHEBA
HSLEMMINGDG@BUSINESSWEEK.COM,SLEMMING,HALIE
GCODMANDH@GOOGLE.FR,CODMAN,GILES
ASOMMERTONDI@CBSNEWS.COM,SOMMERTON,ANABELLA
DCOODEDJ@ASK.COM,COODE,DARIO
JGIRAUDYDK@PUREVOLUME.COM,GIRAUDY,JUSTEN
ANEIGHBOURDL@ICIO.US,NEIGHBOUR,ALIKEE
HDOMINGUEZDM@WEIBO.COM,DOMINGUEZ,HANSON
MCURWENDN@ENGADGET.COM,CURWEN,MASON
MGEOGHEGANDO@SOUNDCLOUD.COM,GEOGHEGAN,MARGALO
KHEINDLDP@GO.COM,HEINDL,KATEY
ECOTTOMDQ@NING.COM,COTTOM,ELWIRA
DWATHENDR@DAGONDESIGN.COM,WATHEN,DYANNE
YSPOTTISWOODEDS@WILEY.COM,SPOTTISWOODE,YOLANE
AINETTDT@EBAY.CO.UK,INETT,ARNALDO
FLENTDU@GOOGLE.FR,LENT,FRANNY
FETTYDV@1UND1.DE,ETTY,FERDINANDE
RBROOKEDW@EUROPA.EU,BROOKE,RAFF
CFALCONERTAYLORDX@MAIL.RU,FALCONER-TAYLOR,CARINA
HSAUNDERDY@PRINCETON.EDU,SAUNDER,HETTI
ANUNANDZ@SHOP-PRO.JP,NUNAN,ALIKA
DWADDINGHAME0@SOUNDCLOUD.COM,WADDINGHAM,DORELLE
MHENSTONEE1@SPHINN.COM,HENSTONE,MATTHAEUS
CBARBOSAE2@EBAY.COM,BARBOSA,CHELSIE
FBROOMHEADE3@GOOGLE.COM,BROOMHEAD,FAIRLIE
TGUILLERMANE4@THEMEFOREST.NET,GUILLERMAN,TARAH
RBARAJASE5@MERRIAM-WEBSTER.COM,BARAJAS,ROSIE
BROSEE6@QUANTCAST.COM,ROSE,BENJAMEN
SKILLSHAWE7@UCLA.EDU,KILLSHAW,STACIE
FFALVEYE8@QQ.COM,FALVEY,FONZ
PBEAMANE9@TRIPADVISOR.COM,BEAMAN,PORT
LSOLWAYEA@VINAORA.COM,SOLWAY,LEIGH
MKLEMPSEB@PRLOG.ORG,KLEMPS,MEL
CSTANNISEC@GLOBO.COM,STANNIS,CAROL
EPUNTED@SAKURA.NE.JP,PUNT,EMERSON
VALSOBROOKEE@OAIC.GOV.AU,ALSOBROOK,VIOLANTE
MMONKEMANEF@GOO.NE.JP,MONKEMAN,MABEL
EVANDIJKEG@ZDNET.COM,VAN DIJK,ERINN
AINNETTEH@SPRINGER.COM,INNETT,AL
JCLEAREEI@STANFORD.EDU,CLEARE,JOANIE
DTWIGGEEJ@NYDAILYNEWS.COM,TWIGGE,DIANEMARIE
ERILTONEK@CDBABY.COM,RILTON,ENGLEBERT
MMCLICEEL@ALIBABA.COM,MCLICE,MICAELA
KOVELLEM@UCSD.EDU,OVELL,KIT
DSUTTILLEN@NSW.GOV.AU,SUTTILL,DULCIA
CSTATHEREO@COCOLOG-NIFTY.COM,STATHER,CULLEN
MFANDREYEP@PAYPAL.COM,FANDREY,MADDY
DALLETTEQ@GOOGLE.FR,ALLETT,DIAHANN
CNODESER@WISC.EDU,NODES,CORI
HBAGGELLEYES@EZINEARTICLES.COM,BAGGELLEY,HERMINIA
TBOTHAET@SAKURA.NE.JP,BOTHA,TRACE
KSUNSHINEEU@GNU.ORG,SUNSHINE,KELE
TGRONAVEV@IMAGESHACK.US,GRONAV,TANDY
TTITCOMEW@UCLA.EDU,TITCOM,TED
DBURDITTEX@AMAZON.DE,BURDITT,DAVEN
BHOLLYLANDEY@DAILYMOTION.COM,HOLLYLAND,BERKE
ATURFESEZ@51.LA,TURFES,AGATHA
AWANKAF0@TINYURL.COM,WANKA,AVELINE
AFALLAF1@FORBES.COM,FALLA,ALESSANDRO
THANCOCKF2@DISCOVERY.COM,HANCOCK,TALYA
RSCRUTONF3@FTC.GOV,SCRUTON,ROBBI
BJAHNCKEF4@BBB.ORG,JAHNCKE,BENNIE
EPLOUGHWRIGHTF5@HUFFINGTONPOST.COM,PLOUGHWRIGHT,ELEANOR
LROLPHF6@SPIEGEL.DE,ROLPH,LETIZIA
RDOLLIMOREF7@WEEBLY.COM,DOLLIMORE,RICKARD
DBREMLEYF8@SPRINGER.COM,BREMLEY,DAYLE
NHURDIDGEF9@VISTAPRINT.COM,HURDIDGE,NONI
RFULKESFA@VINAORA.COM,FULKES,REINALDOS
FJOCHANANYFB@GOOGLE.NL,JOCHANANY,FANNIE
KLAKEFC@TUMBLR.COM,LAKE,KORALLE
ECASESFD@LAST.FM,CASES,ELLA
RSHORDFE@DIGG.COM,SHORD,RENIE
NYIRRELLFF@HOUSE.GOV,YIRRELL,NETTI
TSUTTONFG@WASHINGTON.EDU,SUTTON,TYRUS
WPINKERTONFH@EVENTBRITE.COM,PINKERTON,WYLIE
LTOWNESFI@TYPEPAD.COM,TOWNES,LIVVY
BBARABISCHFJ@CHICAGOTRIBUNE.COM,BARABISCH,BARBEE
AMCINDOEFK@PAYPAL.COM,MCINDOE,AVELINE
ALAMBOLFL@TWITPIC.COM,LAMBOL,AFTON
EAINGERFM@MAIL.RU,AINGER,EDD
HTOMETFN@QUANTCAST.COM,TOMET,HAYWARD
LGOULDSTRAWFO@NBA.COM,GOULDSTRAW,LORIANNE
MPICKTHORNEFP@GEOCITIES.JP,PICKTHORNE,MARGA
DPACKMANFQ@STUMBLEUPON.COM,PACKMAN,DANTE
BBEMWELLFR@NOAA.GOV,BEMWELL,BARBEY
SSKURRAYFS@ADDTOANY.COM,SKURRAY,STANLEIGH
LWOLTMANFT@FOTKI.COM,WOLTMAN,LYN
MIFILLFU@WILEY.COM,IFILL,MARGARETHE
DPRENDEVILLEFV@ISTOCKPHOTO.COM,PRENDEVILLE,DOT
BDAVIDOVICIFW@USATODAY.COM,DAVIDOVICI,BRIGGS
MWILLISFX@BLOG.COM,WILLIS,MEGGIE
TSAWLFY@DISCUZ.NET,SAWL,TERZA
RMINSHALLFZ@COLUMBIA.EDU,MINSHALL,RYON
NPINKETTG0@PRIVACY.GOV.AU,PINKETT,NADINE
SROMEG1@WEBMD.COM,ROME,SANDRA
ATITMARSHG2@LIVEJOURNAL.COM,TITMARSH,ANDONIS
MBONHOMEG3@OVH.NET,BONHOME,MIDGE
BTANKARDG4@BLOGS.COM,TANKARD,BRIANA
ACHENGG5@GEOCITIES.COM,CHENG,ALTA
DWROUTG6@DESDEV.CN,WROUT,DEV
STEAZG7@MIIBEIAN.GOV.CN,TEAZ,SELMA
HMONKSG8@CHRONOENGINE.COM,MONKS,HELGA
GBURGISSG9@WEBS.COM,BURGISS,GAL
VCHRISTENEGA@PHOCA.CZ,CHRISTENE,VALE
CKLEINHANDLERGB@NPS.GOV,KLEINHANDLER,CHAUNCE
EWOOSNAMGC@JIMDO.COM,WOOSNAM,ELISABETH
SGOODREADGD@WORDPRESS.COM,GOODREAD,SAUNCHO
CANTONYGE@APPLE.COM,ANTONY,CLARI
KMAYELLGF@TELEGRAPH.CO.UK,MAYELL,KARE
WRUSSONGG@ETSY.COM,RUSSON,WELSH
LBARTELSGH@ISSUU.COM,BARTELS,LINELL
RGOODSHIPGI@SMUGMUG.COM,GOODSHIP,RHETTA
MGILLMOREGJ@TMALL.COM,GILLMORE,MAC
JGERDINGGK@BIZJOURNALS.COM,GERDING,JERMAYNE
BGUIELGL@LULU.COM,GUIEL,BRITTANEY
ZSMYTHEGM@GOOGLE.CA,SMYTHE,ZACHARIE
FPRESSHAUGHGN@LIVEJOURNAL.COM,PRESSHAUGH,FANECHKA
BEDGERLEYGO@GOOGLE.CO.UK,EDGERLEY,BENETTA
DJIGGENSGP@GOOGLE.CN,JIGGENS,DORISE
ECORRAOGQ@WSJ.COM,CORRAO,EVEN
FSCONCEGR@HATENA.NE.JP,SCONCE,FANCY
RFOSSETTGS@WUFOO.COM,FOSSETT,REINHARD
HRYMILLGT@TAOBAO.COM,RYMILL,HEDA
PCAMPLINGU@STATE.TX.US,CAMPLIN,PIER
DDAMANTGV@SHAREASALE.COM,DAMANT,DELCINE
JSAFFERGW@NSW.GOV.AU,SAFFER,JULIA
CRUTTGERSGX@PAYPAL.COM,RUTTGERS,CLEMENT
BMATTHESIUSGY@SPHINN.COM,MATTHESIUS,BRENNA
CCHESONGZ@DESDEV.CN,CHESON,CLETIS
OLUMPKINH0@WORDPRESS.COM,LUMPKIN,OSSIE
GCADELLH1@EXBLOG.JP,CADELL,GIULIA
AERLEYH2@MICROSOFT.COM,ERLEY,ALANO
GLIASH3@WILEY.COM,LIAS,GARDY
HTERNEYH4@ICIO.US,TERNEY,HALSY
KISSACSONH5@NEWYORKER.COM,ISSACSON,KATY
FPOMPHRETTH6@NYTIMES.COM,POMPHRETT,FABER
JSCOLDINGH7@UCSD.EDU,SCOLDING,JERAMEY
ELAMBILLIONH8@SCIENCEDIRECT.COM,LAMBILLION,ELLETTE
GKLOISNERH9@LIST-MANAGE.COM,KLOISNER,GUILBERT
CFRONKSHA@AUDA.ORG.AU,FRONKS,CURRIE
MSCATESHB@FLAVORS.ME,SCATES,MORISSA
TLAFOYHC@LATIMES.COM,LAFOY,THELMA
PBARTLOMIEJCZYKHD@ILLINOIS.EDU,BARTLOMIEJCZYK,PHILLIDA
LSNOWMANHE@UCLA.EDU,SNOWMAN,LACIE
TPARADEHF@GOOGLE.PL,PARADE,TOMASINA
TSPINOLAHG@LIVEJOURNAL.COM,SPINOLA,TITO
KDICEYHH@HUBPAGES.COM,DICEY,KARLOTTA
AMANHAREHI@ASK.COM,MANHARE,ALEXINE
TBURKERHJ@TELEGRAPH.CO.UK,BURKER,TIM
OJEANDONHK@TED.COM,JEANDON,OLE
LSAWTELLHL@GMPG.ORG,SAWTELL,LANIE
ECROWDYHM@SOHU.COM,CROWDY,EDELINE
SPARLOURHN@OW.LY,PARLOUR,STEVENA
PCLARAGEHO@DMOZ.ORG,CLARAGE,PATIN
ASCHANKELBORGHP@SLIDESHARE.NET,SCHANKELBORG,AHARON
GAUSTHQ@GOOGLE.CO.UK,AUST,GALE
PRODEARHR@GMPG.ORG,RODEAR,PINCHAS
SKUBALAHS@TRELLIAN.COM,KUBALA,SIWARD
KSWIFFANHT@USA.GOV,SWIFFAN,KIRBY
MAPPLETONHU@STATE.TX.US,APPLETON,MARLIE
CBLAGBURNHV@PATCH.COM,BLAGBURN,CREIGHTON
AODONOHOEHW@SKYPE.COM,O' DONOHOE,ATLANTA
TKOBISCHHX@RAMBLER.RU,KOBISCH,THANE
ANABBSHY@DEVIANTART.COM,NABBS,ARNOLDO
SHARVISONHZ@PRWEB.COM,HARVISON,SHAWNA
MNEVILLEI0@ANSWERS.COM,NEVILLE,MEHETABEL
SABBOTSONI1@MEETUP.COM,ABBOTSON,SASHENKA
WFRIGHTI2@NYMAG.COM,FRIGHT,WEYLIN
ESORBEYI3@MYSPACE.COM,SORBEY,ELMIRA
MBRINDLEI4@PRINCETON.EDU,BRINDLE,MAB
VDODSHUNI5@TINYPIC.COM,DODSHUN,VALLI
LBARIBALI6@CDC.GOV,BARIBAL,LIZZIE
QHEARSEYI7@JUGEM.JP,HEARSEY,QUENT
BMCGILROYI8@CISCO.COM,MCGILROY,BERTHA
SLENDREMI9@DAILYMAIL.CO.UK,LENDREM,STERN
RBRUHKEIA@CMU.EDU,BRUHKE,RICA
ABEAGANIB@REUTERS.COM,BEAGAN,ALEKSANDR
FROYLIC@SIMPLEMACHINES.ORG,ROYL,FAWN
ALYNGSTEDID@UNICEF.ORG,LYNGSTED,ALEXANDRE
TFURNEAUXIE@SAKURA.NE.JP,FURNEAUX,TONYA
SBRIDYWATERIF@WEEBLY.COM,BRIDYWATER,SALLIE
LFRASERIG@VK.COM,FRASER,LUCIO
CBAWDENIH@CAFEPRESS.COM,BAWDEN,CASSONDRA
DNEWCOMEII@DEDECMS.COM,NEWCOME,DAPHENE
RLORRAWAYIJ@NETWORKADVERTISING.ORG,LORRAWAY,ROB
FARNAEZIK@UNC.EDU,ARNAEZ,FILBERTE
DPHILSONIL@CORNELL.EDU,PHILSON,DAPHNE
OOBBARDIM@EXAMPLE.COM,OBBARD,ORAZIO
NCLARKEWILLIAMSIN@QUANTCAST.COM,CLARKE-WILLIAMS,NEELY
AHACKLETONIO@EBAY.COM,HACKLETON,ANNE-MARIE
JCASSIP@HP.COM,CASS,JOHNNA
LDEVERAUXIQ@UTEXAS.EDU,DEVERAUX,LOUTITIA
TAUSTWICKIR@CENSUS.GOV,AUSTWICK,THORVALD
GPELLEWIS@ARMY.MIL,PELLEW,GABRIELLA
TDEMALCHARIT@GITHUB.IO,DE MALCHAR,TADEAS
AADHAMSIU@DYNDNS.ORG,ADHAMS,ALEDA
KBRAINIV@CDC.GOV,BRAIN,KIPPAR
CGRAHAMSLAWIW@SBWIRE.COM,GRAHAMSLAW,CECELIA
DCUSTANCEIX@SHUTTERFLY.COM,CUSTANCE,DALENNA
SVINNICKIY@OPENSOURCE.ORG,VINNICK,SUZANNA
ICROSSBYIZ@AMAZONAWS.COM,CROSSBY,IGNAZIO
YKALINOWSKYJ0@COMCAST.NET,KALINOWSKY,YANK
CBEAGLEYJ1@NASA.GOV,BEAGLEY,CYRILLE
KMELLODYJ2@FOTKI.COM,MELLODY,KRYSTALLE
MDYKEJ3@SUN.COM,DYKE,MELESSA
ADOWSONJ4@NYTIMES.COM,DOWSON,ANNIS
JPOWELLJ5@BLOGLINES.COM,POWELL,JIMMIE
CDOUDJ6@STANFORD.EDU,DOUD,CAZ
JDENISEVICHJ7@TWITTER.COM,DENISEVICH,JANAYA
OCHECOJ8@MARKETWATCH.COM,CHECO,ODETTA
KBYCRAFTJ9@HHS.GOV,BYCRAFT,KORELLA
PDELACIJA@DIIGO.COM,DE LACI,PAPAGENA
CBLODGETTJB@GOOGLE.PL,BLODGETT,CLAYBORN
BTREWETTJC@WEEBLY.COM,TREWETT,BRIGITTE
LCHASTANDJD@WEATHER.COM,CHASTAND,LEON
DSALVAGEJE@EEPURL.COM,SALVAGE,DARBEE
OTWIGGSJF@PAYPAL.COM,TWIGGS,OPHELIA
WTHUNNERCLIFFEJG@YANDEX.RU,THUNNERCLIFFE,WILLY
MCOLVILLEJH@GEOCITIES.COM,COLVILLE,MORGANA
QPIOLAJI@SAKURA.NE.JP,PIOLA,QUINCY
CSAMMONJJ@INTEL.COM,SAMMON,CASI
NGOULDTHORPJK@CARGOCOLLECTIVE.COM,GOULDTHORP,NIKOLIA
BCHIPPINDALLJL@NETWORKSOLUTIONS.COM,CHIPPINDALL,BRIAN
BMICHELOTTIJM@SHOP-PRO.JP,MICHELOTTI,BURTY
TBROKENSHAWJN@SQUIDOO.COM,BROKENSHAW,TANDY
MCARTNERJO@GOOGLE.COM.BR,CARTNER,MALA
RRUTLEDGEJP@BLOGLINES.COM,RUTLEDGE,REGINE
FMOSDALLJQ@FTC.GOV,MOSDALL,FERDIE
CSEVILLEJR@CRAIGSLIST.ORG,SEVILLE,CELESTIA
PRAYSONJS@SYMANTEC.COM,RAYSON,PALM
DGATWARDJT@PHP.NET,GATWARD,DARCIE
JPITNEYJU@DAILYMAIL.CO.UK,PITNEY,JAZMIN
BRANKENJV@BLOGLOVIN.COM,RANKEN,BRITTNE
APOPHAMJW@MLB.COM,POPHAM,ASHLEE
AKEESJX@PAGINEGIALLE.IT,KEES,ARLIENE
CANTONIKOVJY@ICQ.COM,ANTONIKOV,CAREY
FTIMNYJZ@CORNELL.EDU,TIMNY,FAUNIE
CPESKETTK0@STORIFY.COM,PESKETT,CORABELLE
HCARNIERK1@CHRON.COM,CARNIER,HARDY
RSTICKELLSK2@NPR.ORG,STICKELLS,RURIK
AMCKINNK3@YOUTUBE.COM,MCKINN,ALIX
ABEGLEYK4@G.CO,BEGLEY,ALLAN
CILLINGWORTHK5@INDIATIMES.COM,ILLINGWORTH,CHRISTA
SFRAZERK6@UNC.EDU,FRAZER,SVEND
FCROCKERK7@CANALBLOG.COM,CROCKER,FANCIE
CLOVEGROVEK8@ENGADGET.COM,LOVEGROVE,CELESTINE
ECLISSETTK9@TAOBAO.COM,CLISSETT,ELMORE
SGEPHEARTKA@NIH.GOV,GEPHEART,STORMIE
CEDDICOTTKB@GOOGLE.IT,EDDICOTT,CLAIBORN
NBURWELLKC@UIUC.EDU,BURWELL,NORMIE
BAUJEANKD@UCOZ.COM,AUJEAN,BERTI
AFARNORTHKE@NETWORKADVERTISING.ORG,FARNORTH,ALYSIA
LWHATESKF@ARSTECHNICA.COM,WHATES,LONNY
JGARFITTKG@IFENG.COM,GARFITT,JORRY
CBLINDEKH@SOUNDCLOUD.COM,BLINDE,CAREY
ADOULTONKI@SALON.COM,DOULTON,ARDYTH
MGROOMEKJ@4SHARED.COM,GROOME,MORSE
CFORTUNEKK@NIFTY.COM,FORTUNE,CATHRIN
MELDENKL@PBS.ORG,ELDEN,MAEGAN
MDOVESTONKM@ZDNET.COM,DOVESTON,MERRICK
ASHELMARDINEKN@APPLE.COM,SHELMARDINE,ANNA
NBODLEIGHKO@WIKIMEDIA.ORG,BODLEIGH,NIAL
FLAVIELLEKP@APACHE.ORG,LAVIELLE,FRAN
DSAMBELLSKQ@NBCNEWS.COM,SAMBELLS,DERRIK
KSEALSKR@SEATTLETIMES.COM,SEALS,KIERSTEN
BLARRAWAYKS@NATURE.COM,LARRAWAY,BENEDICT
LVEARSKT@MEDIAFIRE.COM,VEARS,LEELAND
MMILLISKU@CLOUDFLARE.COM,MILLIS,MICHAEL
SJOSCELYNEKV@WEATHER.COM,JOSCELYNE,SHALOM
RSTERLINGKW@GITHUB.COM,STERLING,ROZAMOND
SLIEPINAKX@FASTCOMPANY.COM,LIEPINA,SORCHA
NMARJORIBANKSKY@TINYPIC.COM,MARJORIBANKS,NATHAN
EABENDROTHKZ@GOOGLE.FR,ABENDROTH,ELINORE
SBEENHAML0@CAFEPRESS.COM,BEENHAM,SIMONETTE
AAMBROISL1@SCRIBD.COM,AMBROIS,ARLINDA
JBENFIELDL2@APPLE.COM,BENFIELD,JAMEY
MMCKEURTONL3@RAKUTEN.CO.JP,MCKEURTON,MIQUELA
MLINNITL4@DESDEV.CN,LINNIT,MAGDAIA
MLANTEL5@IMAGESHACK.US,LANTE,MERIEL
BLUCIOL6@TIME.COM,LUCIO,BENNETT
TFARLANDL7@WOOTHEMES.COM,FARLAND,TILDA
CREUBELL8@EBAY.CO.UK,REUBEL,CHERYE
OWYNDHAML9@TRIPOD.COM,WYNDHAM,OTHELLO
GSTAMPERLA@NIH.GOV,STAMPER,GALLARD
NPELLAMONUTENLB@EARTHLINK.NET,PELLAMONUTEN,NEALA
RINSOLLLC@I2I.JP,INSOLL,ROMONDA
ESTUBLEYLD@ZDNET.COM,STUBLEY,EMERY
BDAVELEYLE@360.CN,DAVELEY,BEA
VDAVIDOVICILF@MOONFRUIT.COM,DAVIDOVICI,VIVIEN
RKEETINGLG@MARRIOTT.COM,KEETING,RACHAEL
ADURRAMLH@PEN.IO,DURRAM,AILIS
LCAVERHILLLI@TUMBLR.COM,CAVERHILL,LEONARD
SSTANELANDLJ@UOL.COM.BR,STANELAND,STACIE
LHAMMERBERGLK@REUTERS.COM,HAMMERBERG,LATASHIA
RGOSNOLDLL@BLOGS.COM,GOSNOLD,REENA
SEULERLM@STUMBLEUPON.COM,EULER,SIB
DHARLETTLN@HAO123.COM,HARLETT,DANNIE
FGISLEBERTLO@CPANEL.NET,GISLEBERT,FREDA
BSLEFORDLP@NETLOG.COM,SLEFORD,BROOKS
KTOALLQ@MARRIOTT.COM,TOAL,KISSEE
FBOUGENLR@CNN.COM,BOUGEN,FREDERIGO
PREDHOLELS@PHOTOBUCKET.COM,REDHOLE,PHILBERT
ADEEVEYLT@UPENN.EDU,DEEVEY,ABDUL
EKINFORTHLU@PUREVOLUME.COM,KINFORTH,EVVIE
JHAWLEYLV@SOGOU.COM,HAWLEY,JOHNNY
NFONTELLLW@CREATIVECOMMONS.ORG,FONTELL,NEDDIE
CPAYSLX@GITHUB.COM,PAYS,CLEMMIE
MPANCHENLY@WUFOO.COM,PANCHEN,MARCI
PBISETLZ@WOOTHEMES.COM,BISET,PAMELA
CTALM0@ALTERVISTA.ORG,TAL,CHARLINE
GOGRADAM1@TIME.COM,O'GRADA,GUNTER
NWARSTALLM2@BLOGSPOT.COM,WARSTALL,NANNIE
KCALDAROM3@INFOSEEK.CO.JP,CALDARO,KAILE
MCADWALADRM4@FOTKI.COM,CADWALADR,MELONIE
WROUFM5@MEETUP.COM,ROUF,WALSH
FDINNISM6@TIME.COM,DINNIS,FAYE
GGERHOLZM7@DISQUS.COM,GERHOLZ,GRADEIGH
AJEPSONM8@NETWORKSOLUTIONS.COM,JEPSON,ADIANA
AYOUSEFM9@NEWYORKER.COM,YOUSEF,ABNER
AMANGAMMA@OMNITURE.COM,MANGAM,ALF
GCHELLAMMB@NIFTY.COM,CHELLAM,GABRILA
KFEUELLMC@BIGCARTEL.COM,FEUELL,KELSEY
EZIMAMD@FC2.COM,ZIMA,ERVIN
FTWINNME@SEESAA.NET,TWINN,FAWNE
KGATESHILLMF@EBAY.COM,GATESHILL,KELLYANN
GBREDEEMG@MARRIOTT.COM,BREDEE,GILLAN
TTREECEMH@EARTHLINK.NET,TREECE,TATUM
SLEASORMI@1688.COM,LEASOR,SIMONNE
RDEAVESMJ@JIGSY.COM,DEAVES,ROXINE
CFERREIROMK@SITEMETER.COM,FERREIRO,CECILLA
VSITLINTONML@OAKLEY.COM,SITLINTON,VANNY
UCUSHWORTHMM@NAROD.RU,CUSHWORTH,URBANUS
GDALESIOMN@SLATE.COM,D'ALESIO,GEORGEANNA
HMESSINGHAMMO@NETWORKADVERTISING.ORG,MESSINGHAM,HARLIN
CHASSENTMP@WEBS.COM,HASSENT,CARE
POBYMQ@UOL.COM.BR,OBY,PATRIZIO
MJACKMR@MAYOCLINIC.COM,JACK,MARLEAH
WJENOUREMS@UN.ORG,JENOURE,WAIT
JBIDWELLMT@YELLOWPAGES.COM,BIDWELL,JACKY
GGAUFORDMU@GIZMODO.COM,GAUFORD,GLENDEN
RMACMASTERMV@HARVARD.EDU,MACMASTER,RAGNAR
DNOZZOLINIIMW@GIZMODO.COM,NOZZOLINII,DEVLEN
AMEHARGMX@OPERA.COM,MEHARG,ADEL
MSOMESMY@ABOUT.ME,SOMES,MATTHAEUS
TMILLWALLMZ@AMAZON.COM,MILLWALL,TANIA
CBAMPFORTHN0@HOWSTUFFWORKS.COM,BAMPFORTH,CORELLA
RLINDUPN1@DISQUS.COM,LINDUP,RUDY
LMACSWEENN2@MIIBEIAN.GOV.CN,MACSWEEN,LUCINA
MWARRILOWN3@WEBNODE.COM,WARRILOW,MARIANN
JCHECCHIN4@4SHARED.COM,CHECCHI,JULIETA
LDAVIDOWN5@HOME.PL,DAVIDOW,LINDSY
OBOLINON6@SLASHDOT.ORG,BOLINO,OSWALD
AMILNTHORPEN7@YCOMBINATOR.COM,MILNTHORPE,ATHENA
DPITHIEN8@JALBUM.NET,PITHIE,DERWARD
GDUIGEDN9@RAKUTEN.CO.JP,DUIGED,GRACE
JMATHANNA@NETWORKADVERTISING.ORG,MATHAN,JADE
KRICKEARDNB@WEBS.COM,RICKEARD,KERRI
KSYMONNC@BBB.ORG,SYMON,KELLEN
EFUCHERND@TIME.COM,FUCHER,ELIZABETH
RTOUGHNE@OX.AC.UK,TOUGH,ROBINETT
BSPIBYNF@SCRIBD.COM,SPIBY,BRADLEY
CVASOVICNG@BAIDU.COM,VASOVIC,CONSUELO
ZFELLGATTNH@1688.COM,FELLGATT,ZITA
TKUNESNI@DELICIOUS.COM,KUNES,TOINETTE
GMITCHENSONNJ@MASHABLE.COM,MITCHENSON,GINELLE
RBIASIONK@KICKSTARTER.COM,BIASIO,RAFFAELLO
PBRIMMACOMBENL@UN.ORG,BRIMMACOMBE,PETERUS
TBELCHAMNM@ETSY.COM,BELCHAM,TERRI
AAYTONN@CLOUDFLARE.COM,AYTO,ARABELLE
KORTELLSNO@HP.COM,ORTELLS,KIMBERLEY
EOBEYNP@GOO.NE.JP,OBEY,ELIZABETH
CDEMULLETTNQ@MARKETWATCH.COM,DE MULLETT,CORNEY
APOPPINGNR@NING.COM,POPPING,ANDERSON
SSLOWANNS@ANGELFIRE.COM,SLOWAN,SARENE
KKLEINPLATZNT@CPANEL.NET,KLEINPLATZ,KILEY
CKNAPPITTNU@BLOGSPOT.COM,KNAPPITT,CESYA
THAMLYNNV@IMGUR.COM,HAMLYN,TIBOLD
CWOOFFNW@CSMONITOR.COM,WOOFF,CHRISTOPHER
DPUCKERNX@EHOW.COM,PUCKER,DONALT
KVASSENY@360.CN,VASSE,KRISTAL
ROLIVANZ@ADMIN.CH,OLIVA,ROCKIE
CGAMMETO0@RAKUTEN.CO.JP,GAMMET,CLEMENTIUS
LBEERTO1@UNC.EDU,BEERT,LINA
PBEDELLSO2@WOOTHEMES.COM,BEDELLS,PAUL
HGAITERO3@XINHUANET.COM,GAITER,HERBY
PTWEEDLIEO4@STATCOUNTER.COM,TWEEDLIE,PRYCE
DCAUDREYO5@FC2.COM,CAUDREY,DARYN
PVASEYO6@FREE.FR,VASEY,PERCIVAL
CDREWSONO7@MAPY.CZ,DREWSON,CORBIE
AORMONDEO8@JUGEM.JP,ORMONDE,AMARGO
ADELAYGLESIAO9@TUMBLR.COM,DE LA YGLESIA,ALLEGRA
ESOEIROOA@TINYURL.COM,SOEIRO,EVANNE
SPHILIPPEAUXOB@SOUNDCLOUD.COM,PHILIPPEAUX,SCARFACE
MDRUMMONDOC@YANDEX.RU,DRUMMOND,MOHANDAS
BOLDISOD@IMDB.COM,OLDIS,BREENA
EGWATKINSOE@MYSPACE.COM,GWATKINS,EWELL
LGALLEYOF@WHO.INT,GALLEY,LESLI
SJURISICOG@YELLOWBOOK.COM,JURISIC,SKYE
CDELACOUROH@BLOGLOVIN.COM,DELACOUR,CLEMENTIUS
JBRACHELLOI@MAYOCLINIC.COM,BRACHELL,JOCKO
AKIBBELOJ@WORDPRESS.COM,KIBBEL,AGNELLA
EWOTTONOK@CHICAGOTRIBUNE.COM,WOTTON,ELVIRA
TTREVASCUSOL@CBC.CA,TREVASCUS,TANI
MCOULMANOM@BUSINESSINSIDER.COM,COULMAN,MINETTE
RADSHEDON@APPLE.COM,ADSHED,RAND
GGOMERSALOO@ARCHIVE.ORG,GOMERSAL,GHERARDO
KSPINIELLOOP@BLOGS.COM,SPINIELLO,KEELY
LCOPPOOQ@IRS.GOV,COPPO,LAW
CCOSINOR@STATE.TX.US,COSIN,CHRYSTE
LOKANEOS@IMGUR.COM,O'KANE,LYNNE
DDOMOTOROT@XINHUANET.COM,DOMOTOR,DONETTA
ALAMMIEOU@UCOZ.RU,LAMMIE,ALLYCE
CFRETSONOV@TINYURL.COM,FRETSON,CHEVY
SGLEWEOW@BLOOMBERG.COM,GLEWE,SARGE
LPOUNDOX@GNU.ORG,POUND,LOTTI
HSELIGSONOY@SFGATE.COM,SELIGSON,HARLI
OCROWTHEOZ@THEGLOBEANDMAIL.COM,CROWTHE,ORELIA
DBROXUPP0@NATURE.COM,BROXUP,DANELL
UBLANTP1@GOOGLE.PL,BLANT,ULRICA
BMCCHEYNEP2@SPRINGER.COM,MCCHEYNE,BEE
DPAOLOTTOP3@HP.COM,PAOLOTTO,DYNAH
AEILHERTSENP4@TRIPOD.COM,EILHERTSEN,ANATOLE
FPAWLOWICZP5@CDBABY.COM,PAWLOWICZ,FAITH
SCONGREVEP6@GUARDIAN.CO.UK,CONGREVE,SVEN
FDOLESP7@STORIFY.COM,DOLES,FARRA
ESIMISTERP8@LIST-MANAGE.COM,SIMISTER,EMLYNNE
GRUBESP9@TAMU.EDU,RUBES,GONZALO
AHALLASPA@CLICKBANK.NET,HALLAS,ANATOL
ROFIELLYPB@PINTEREST.COM,O'FIELLY,RODRIGO
ILEVERSHAPC@STUDIOPRESS.COM,LEVERSHA,INGAR
MBARETTEPD@GOOGLE.CN,BARETTE,MARQUITA
VSTOCKAUPE@GOOGLE.CO.JP,STOCKAU,VALENTINA
MMARCONEPF@IS.GD,MARCONE,MONRO
NSCHENKELPG@ALEXA.COM,SCHENKEL,NESTA
HCHEATLEPH@ARMY.MIL,CHEATLE,HEDWIG
CIACOMINIPI@SMUGMUG.COM,IACOMINI,CARLYLE
RGOODERSPJ@DYNDNS.ORG,GOODERS,RONA
KWALTHEWPK@OPERA.COM,WALTHEW,KRISTIN
ALEMOIRPL@THEGUARDIAN.COM,LEMOIR,AUGY
KBATTELLEPM@BLOGLOVIN.COM,BATTELLE,KENNY
ZGROCOCKPN@IBM.COM,GROCOCK,ZEA
TPARNCUTTPO@DEVHUB.COM,PARNCUTT,TANHYA
SMATSONPP@OW.LY,MATSON,SUMNER
SFROBISHERPQ@SAKURA.NE.JP,FROBISHER,SHARA
DYARDYPR@DELICIOUS.COM,YARDY,DOTTI
RSHARMAPS@GOO.GL,SHARMA,RENATA
BEBBRELLPT@CENSUS.GOV,EBBRELL,BERNADINA
KNAISMITHPU@BBC.CO.UK,NAISMITH,KERIANN
MMACCONNELLPV@USNEWS.COM,MACCONNELL,MARJORY
PDAYERPW@MOZILLA.COM,DAYER,PHEBE
JKEARLEYPX@SLIDESHARE.NET,KEARLEY,JERROLD
JMACHARGPY@BUSINESSWIRE.COM,MACHARG,JARAD
JBONELLEPZ@WOOTHEMES.COM,BONELLE,JILLI
DROSENKRANCQ0@UCOZ.RU,ROSENKRANC,DARON
TJOANQ1@GOOGLE.COM.HK,JOAN,TEDDY
DAVELINGQ2@T.CO,AVELING,DELMORE
HBEGLINQ3@ADMIN.CH,BEGLIN,HERMON
MTRUDERQ4@WEEBLY.COM,TRUDER,MINERVA
MAITONQ5@REUTERS.COM,AITON,MARYJANE
AHANDRAHANQ6@REFERENCE.COM,HANDRAHAN,AMARA
NKILMISTERQ7@USA.GOV,KILMISTER,NADEAN
CBOUCHARDQ8@MAIL.RU,BOUCHARD,CATLIN
EGOSSONQ9@YELLOWPAGES.COM,GOSSON,ERNEST
NLATUSQA@FEEDBURNER.COM,LATUS,NICHOL
VOULETQB@MEDIAFIRE.COM,OULET,VERENA
MCOLTQC@MULTIPLY.COM,COLT,MOREY
DNEAVERSONQD@OCN.NE.JP,NEAVERSON,DEVLEN
EJACOBOWITSQE@OVH.NET,JACOBOWITS,ELYSHA
LSANPERQF@OMNITURE.COM,SANPER,LILLI
RBATTAILLEQG@FURL.NET,BATTAILLE,RANDIE
AQUADRIQH@HUBPAGES.COM,QUADRI,ALIZA
HISACOFFQI@SKYROCK.COM,ISACOFF,HENDERSON
CMOTTERSHAWQJ@OCN.NE.JP,MOTTERSHAW,CAITRIN
KBAGBYQK@UNBLOG.FR,BAGBY,KARITA
TMACCARTANQL@ETSY.COM,MACCARTAN,TANSY
ASTOYLEQM@APACHE.ORG,STOYLE,ADAM
APURLEQN@ED.GOV,PURLE,ALETHEA
LLONDESBOROUGHQO@WIX.COM,LONDESBOROUGH,LUISA
FGLYSSANNEQP@BUSINESSINSIDER.COM,GLYSSANNE,FIELD
DFRANSSENIQQ@FURL.NET,FRANSSENI,DELILAH
WDARNODYQR@ARCHIVE.ORG,DARNODY,WILEY
WGILLESPEYQS@T-ONLINE.DE,GILLESPEY,WINONAH
WSTANDONQT@NAROD.RU,STANDON,WILLIE
VBURBUROUGHQU@UMICH.EDU,BURBUROUGH,VIVIENNE
CKNOCKQV@LYCOS.COM,KNOCK,CALLY
KRICOALDQW@EXAMPLE.COM,RICOALD,KATE
DGONSALOQX@W3.ORG,GONSALO,DANICA
GLOUGHTONQY@MIIBEIAN.GOV.CN,LOUGHTON,GARDIE
AHEALEYQZ@CDC.GOV,HEALEY,AILA
MCAPNERR0@PAGINEGIALLE.IT,CAPNER,MAX
YSABATERR1@HUD.GOV,SABATER,YANCE
BLAGESR2@MASHABLE.COM,LAGES,BLAKELEY
JWHELLANSR3@EUROPA.EU,WHELLANS,JEANNIE
UBANGSR4@CBC.CA,BANGS,URI
HMILBURNER5@DRUPAL.ORG,MILBURNE,HUSAIN
PMCQUEENR6@UNBLOG.FR,MC QUEEN,PAM
NGLANFIELDR7@WEBS.COM,GLANFIELD,NANA
BVANYUSHINR8@BIGLOBE.NE.JP,VANYUSHIN,BEVON
MTRYMMER9@IMDB.COM,TRYMME,MELODIE
MTRILLORA@LIVEJOURNAL.COM,TRILLO,MELANTHA
RMANZRB@GOODREADS.COM,MANZ,REINALDOS
RSIMONSENRC@IMDB.COM,SIMONSEN,REBE
SLANFEARRD@WEBMD.COM,LANFEAR,SUMNER
GFERRARESIRE@MSN.COM,FERRARESI,GARLAND
GBIGBYRF@SEATTLETIMES.COM,BIGBY,GIULIETTA
LMCENTEERG@WEBEDEN.CO.UK,MCENTEE,LORALIE
DBONERRH@NETWORKADVERTISING.ORG,BONER,DORETTA
CBARTLEMANRI@FASTCOMPANY.COM,BARTLEMAN,CATHRYN
OWRENCHRJ@YELLOWBOOK.COM,WRENCH,OSMOND
MWERENDELLRK@NING.COM,WERENDELL,MERLE
BMAURORL@MAPY.CZ,MAURO,BRODY
THAGLINGTONRM@FEMA.GOV,HAGLINGTON,TAMERA
CKILGALLENRN@NBCNEWS.COM,KILGALLEN,CELESTYN
CBRANDOMRO@4SHARED.COM,BRANDOM,CAROLINE
CBALSERRP@BERKELEY.EDU,BALSER,CASS
AGIACOMUZZIRQ@PBS.ORG,GIACOMUZZI,ALETHEA
DCASIERRR@NIH.GOV,CASIER,DEXTER